{
  "id": "arkhives-homebrew-modules",
  "title": "Kai's Homebrew Module",
  "version": "0.6.5",
  "compatibility": {
    "minimum": "12",
    "verified": "13.351"
  },
  "manifest": "https://www.dropbox.com/scl/fi/yqb7xnpcjqq4a93fxw014/module.json?rlkey=qa87we85zl0ds0v1azzgppk9j&dl=1",
  "download": "https://www.dropbox.com/scl/fi/o0i8rb0egxteol3d2zmsz/arkhives-homebrew-modules.zip?rlkey=egepxrhv3yo09ger58r8s9tlx&dl=1",

  "relationships": {
    "requires": [
      {
        "id": "illandril-third-pact",
        "type": "module",
        "compatibility": {}
      }
    ],
    "systems": [
      {
        "id": "dnd5e",
        "type": "system",
        "compatibility": {}
      }
    ],
    "recommends": [
      {
        "id": "spell-book",
        "type": "module",
        "compatibility": {}
      },
      {
        "id": "dice-so-nice",
        "type": "module",
        "compatibility": {}
      },
      {
        "id": "custom-css",
        "type": "module",
        "compatibility": {}
      }
    ]
  },
  "authors": [
    {
      "name": "Arkhive",
      "email": "pittoo2003@gmail.com",
      "discord": "arkhive_",
      "flags": {}
    }
  ],
  "packs": [
    {
      "name": "classes-hb",
      "label": "Classes (Non-SRD)",
      "path": "packs/classes-hb",
      "type": "Item",
      "system": "dnd5e",
      "ownership": {
        "PLAYER": "OBSERVER",
        "ASSISTANT": "OWNER"
      }
    },
    {
      "name": "subclasses-hb",
      "label": "Subclasses (Non-SRD)",
      "path": "packs/subclasses-hb",
      "type": "Item",
      "system": "dnd5e",
      "ownership": {
        "PLAYER": "OBSERVER",
        "ASSISTANT": "OWNER"
      }
    },
    {
      "name": "spells-non-srd",
      "label": "Spells (Non-SRD)",
      "path": "packs/spells-non-srd",
      "type": "Item",
      "system": "dnd5e",
      "ownership": {
        "PLAYER": "OBSERVER",
        "ASSISTANT": "OWNER"
      }
    },
    {
      "name": "items-non-srd",
      "label": "Items (Non-SRD)",
      "path": "packs/items-non-srd",
      "type": "Item",
      "system": "dnd5e",
      "ownership": {
        "PLAYER": "OBSERVER",
        "ASSISTANT": "OWNER"
      }
    },
    {
      "name": "feats-non-",
      "label": "Feats (Non-SRD)",
      "path": "packs/feats-non-",
      "type": "Item",
      "system": "dnd5e",
      "ownership": {
        "PLAYER": "OBSERVER",
        "ASSISTANT": "OWNER"
      }
    },
    {
      "name": "backgrounds",
      "label": "Backgrounds (Non-SRD)",
      "path": "packs/backgrounds",
      "type": "Item",
      "system": "dnd5e",
      "ownership": {
        "PLAYER": "OBSERVER",
        "ASSISTANT": "OWNER"
      }
    },
    {
      "name": "monsters-non-srd",
      "label": "Monsters (Non-SRD)",
      "path": "packs/monsters-non-srd",
      "type": "Actor",
      "system": "dnd5e",
      "ownership": {
        "PLAYER": "OBSERVER",
        "ASSISTANT": "OWNER"
      }
    },
    {
      "name": "class-and-subclass-features-non-srd",
      "label": "Class and Subclass Features (Non-SRD)",
      "path": "packs/class-and-subclass-features-non-srd",
      "type": "Item",
      "system": "dnd5e",
      "ownership": {
        "PLAYER": "OBSERVER",
        "ASSISTANT": "OWNER"
      }
    },
    {
      "name": "misc-tables",
      "label": "Misc. Tables",
      "path": "packs/misc-tables",
      "type": "RollTable",
      "system": "dnd5e",
      "ownership": {
        "PLAYER": "OBSERVER",
        "ASSISTANT": "OWNER"
      }
    },
    {
      "name": "table-rules",
      "label": "Table Rules",
      "path": "packs/table-rules",
      "type": "JournalEntry",
      "system": "dnd5e",
      "ownership": {
        "PLAYER": "OBSERVER",
        "ASSISTANT": "OWNER"
      }
    },
    {
      "name": "monster-features-non-srd",
      "label": "Monster Features (Non-SRD)",
      "path": "packs/monster-features-non-srd",
      "type": "Item",
      "system": "dnd5e",
      "ownership": {
        "PLAYER": "OBSERVER",
        "ASSISTANT": "OWNER"
      }
    },
    {
      "name": "adventures",
      "label": "Adventures",
      "path": "packs/adventures",
      "type": "Adventure",
      "system": "dnd5e",
      "ownership": {
        "PLAYER": "OBSERVER",
        "ASSISTANT": "OWNER"
      }
    },
    {
      "name": "races-species-non-srd",
      "label": "Races/Species (Non-SRD)",
      "path": "packs/races-species-non-srd",
      "type": "Item",
      "system": "dnd5e",
      "ownership": {
        "PLAYER": "OBSERVER",
        "ASSISTANT": "OWNER"
      }
    }
  ],
  "url": "",
  "description": "<p>This is a collection of information from both homebrew and proper sources, expanding beyond the D&amp;D 5e SRD 5.1</p>",
  "flags": {}
}